{"cameraMode":{"drawMode":0,"name":"Shaded","section":"Shading Mode"},"sceneLighting":true,"audioPlay":false,"sceneViewState":{"m_AlwaysRefresh":false,"showFog":true,"showSkybox":true,"showFlares":true,"showImageEffects":true,"showParticleSystems":true,"showVisualEffectGraphs":true,"m_FxEnabled":true},"in2DMode":false,"pivot":{"x":1.7832815647125245,"y":0.26605749130249026,"z":2.923675298690796},"rotation":{"x":0.1535828411579132,"y":0.7747148275375366,"z":-0.20593300461769105,"w":0.5777741074562073},"size":1.695329189300537,"orthographic":false}