{"cameraMode":{"drawMode":0,"name":"Shaded","section":"Shading Mode"},"sceneLighting":true,"audioPlay":false,"sceneViewState":{"m_AlwaysRefresh":false,"showFog":true,"showSkybox":true,"showFlares":true,"showImageEffects":true,"showParticleSystems":true,"showVisualEffectGraphs":true,"m_FxEnabled":true},"in2DMode":false,"pivot":{"x":46.359291076660159,"y":47.89591979980469,"z":62.29644775390625},"rotation":{"x":0.16411782801151277,"y":0.03993888199329376,"z":-0.006650272291153669,"w":0.9856114983558655},"size":203.17364501953126,"orthographic":false}